[{"model": "contenttypes.contenttype", "fields": {"app_label": "admin", "model": "logentry"}}, {"model": "contenttypes.contenttype", "fields": {"app_label": "auth", "model": "group"}}, {"model": "contenttypes.contenttype", "fields": {"app_label": "auth", "model": "permission"}}, {"model": "contenttypes.contenttype", "fields": {"app_label": "auth", "model": "user"}}, {"model": "contenttypes.contenttype", "fields": {"app_label": "contenttypes", "model": "contenttype"}}, {"model": "contenttypes.contenttype", "fields": {"app_label": "sessions", "model": "session"}}, {"model": "contenttypes.contenttype", "fields": {"app_label": "api", "model": "booking"}}, {"model": "contenttypes.contenttype", "fields": {"app_label": "api", "model": "expense"}}, {"model": "contenttypes.contenttype", "fields": {"app_label": "api", "model": "hall"}}, {"model": "contenttypes.contenttype", "fields": {"app_label": "api", "model": "material"}}, {"model": "contenttypes.contenttype", "fields": {"app_label": "api", "model": "payment"}}, {"model": "contenttypes.contenttype", "fields": {"app_label": "api", "model": "personnel"}}, {"model": "contenttypes.contenttype", "fields": {"app_label": "api", "model": "magiclogintoken"}}, {"model": "contenttypes.contenttype", "fields": {"app_label": "api", "model": "accountsecurityprofile"}}, {"model": "contenttypes.contenttype", "fields": {"app_label": "api", "model": "notification"}}, {"model": "sessions.session", "pk": "8czjgjjqzqw4qw01qogiux1r8kj5rn3q", "fields": {"session_data": ".eJxVjEEOwiAQRe_C2hCwdKAu3fcMzTAzSNVAUtqV8e7apAvd_vfef6kJtzVPW5NlmlldlFWn3y0iPaTsgO9YblVTLesyR70r-qBNj5XleT3cv4OMLX9rgiR9kujQOTuYBB68BGfEBOyRmc9eiLA3nZGuG0RiAgSwAZkoEqj3BwVOOSA:1wNxcj:oMK5cbz53CsfquNuu0uQ7pp5TiMqJXdsAv5e2gp5IbE", "expire_date": "2026-05-29T18:51:01.819Z"}}, {"model": "sessions.session", "pk": "ynfd9nt32mwgost9zbap4uhc9v4obs11", "fields": {"session_data": ".eJxVjEEOwiAQRe_C2hCwdKAu3fcMzTAzSNVAUtqV8e7apAvd_vfef6kJtzVPW5NlmlldlFWn3y0iPaTsgO9YblVTLesyR70r-qBNj5XleT3cv4OMLX9rgiR9kujQOTuYBB68BGfEBOyRmc9eiLA3nZGuG0RiAgSwAZkoEqj3BwVOOSA:1wXgqV:OqCqK_EFxqZoGDsWiYV2M3TqXphVKtrlNhyWsXXrUtE", "expire_date": "2026-06-25T14:57:27.066Z"}}, {"model": "sessions.session", "pk": "z6w33yif7pnpdsj1nsh1mngzl4xmkj4u", "fields": {"session_data": ".eJxVjEEOwiAQRe_C2hCYCiMu3XuGBmYGqRpISrsy3l2bdKHb_977LzXGdSnj2mUeJ1ZnBerwu6VID6kb4Hust6ap1WWekt4UvdOur43ledndv4MSe_nWIhKTgcETskX2J3aABpBDOloPmAlJyFoMiZzLELLzbDyGMFjIJqj3B-u2N4c:1wJv13:p5s1C1qw0rykZy3QS-k7aWc5PKSjnJeh10ceGXGe8Mo", "expire_date": "2026-05-18T15:15:25.278Z"}}, {"model": "auth.permission", "fields": {"name": "Can add log entry", "content_type": ["admin", "logentry"], "codename": "add_logentry"}}, {"model": "auth.permission", "fields": {"name": "Can change log entry", "content_type": ["admin", "logentry"], "codename": "change_logentry"}}, {"model": "auth.permission", "fields": {"name": "Can delete log entry", "content_type": ["admin", "logentry"], "codename": "delete_logentry"}}, {"model": "auth.permission", "fields": {"name": "Can view log entry", "content_type": ["admin", "logentry"], "codename": "view_logentry"}}, {"model": "auth.permission", "fields": {"name": "Can add permission", "content_type": ["auth", "permission"], "codename": "add_permission"}}, {"model": "auth.permission", "fields": {"name": "Can change permission", "content_type": ["auth", "permission"], "codename": "change_permission"}}, {"model": "auth.permission", "fields": {"name": "Can delete permission", "content_type": ["auth", "permission"], "codename": "delete_permission"}}, {"model": "auth.permission", "fields": {"name": "Can view permission", "content_type": ["auth", "permission"], "codename": "view_permission"}}, {"model": "auth.permission", "fields": {"name": "Can add group", "content_type": ["auth", "group"], "codename": "add_group"}}, {"model": "auth.permission", "fields": {"name": "Can change group", "content_type": ["auth", "group"], "codename": "change_group"}}, {"model": "auth.permission", "fields": {"name": "Can delete group", "content_type": ["auth", "group"], "codename": "delete_group"}}, {"model": "auth.permission", "fields": {"name": "Can view group", "content_type": ["auth", "group"], "codename": "view_group"}}, {"model": "auth.permission", "fields": {"name": "Can add user", "content_type": ["auth", "user"], "codename": "add_user"}}, {"model": "auth.permission", "fields": {"name": "Can change user", "content_type": ["auth", "user"], "codename": "change_user"}}, {"model": "auth.permission", "fields": {"name": "Can delete user", "content_type": ["auth", "user"], "codename": "delete_user"}}, {"model": "auth.permission", "fields": {"name": "Can view user", "content_type": ["auth", "user"], "codename": "view_user"}}, {"model": "auth.permission", "fields": {"name": "Can add content type", "content_type": ["contenttypes", "contenttype"], "codename": "add_contenttype"}}, {"model": "auth.permission", "fields": {"name": "Can change content type", "content_type": ["contenttypes", "contenttype"], "codename": "change_contenttype"}}, {"model": "auth.permission", "fields": {"name": "Can delete content type", "content_type": ["contenttypes", "contenttype"], "codename": "delete_contenttype"}}, {"model": "auth.permission", "fields": {"name": "Can view content type", "content_type": ["contenttypes", "contenttype"], "codename": "view_contenttype"}}, {"model": "auth.permission", "fields": {"name": "Can add session", "content_type": ["sessions", "session"], "codename": "add_session"}}, {"model": "auth.permission", "fields": {"name": "Can change session", "content_type": ["sessions", "session"], "codename": "change_session"}}, {"model": "auth.permission", "fields": {"name": "Can delete session", "content_type": ["sessions", "session"], "codename": "delete_session"}}, {"model": "auth.permission", "fields": {"name": "Can view session", "content_type": ["sessions", "session"], "codename": "view_session"}}, {"model": "auth.permission", "fields": {"name": "Can add expense", "content_type": ["api", "expense"], "codename": "add_expense"}}, {"model": "auth.permission", "fields": {"name": "Can change expense", "content_type": ["api", "expense"], "codename": "change_expense"}}, {"model": "auth.permission", "fields": {"name": "Can delete expense", "content_type": ["api", "expense"], "codename": "delete_expense"}}, {"model": "auth.permission", "fields": {"name": "Can view expense", "content_type": ["api", "expense"], "codename": "view_expense"}}, {"model": "auth.permission", "fields": {"name": "Can add hall", "content_type": ["api", "hall"], "codename": "add_hall"}}, {"model": "auth.permission", "fields": {"name": "Can change hall", "content_type": ["api", "hall"], "codename": "change_hall"}}, {"model": "auth.permission", "fields": {"name": "Can delete hall", "content_type": ["api", "hall"], "codename": "delete_hall"}}, {"model": "auth.permission", "fields": {"name": "Can view hall", "content_type": ["api", "hall"], "codename": "view_hall"}}, {"model": "auth.permission", "fields": {"name": "Can add material", "content_type": ["api", "material"], "codename": "add_material"}}, {"model": "auth.permission", "fields": {"name": "Can change material", "content_type": ["api", "material"], "codename": "change_material"}}, {"model": "auth.permission", "fields": {"name": "Can delete material", "content_type": ["api", "material"], "codename": "delete_material"}}, {"model": "auth.permission", "fields": {"name": "Can view material", "content_type": ["api", "material"], "codename": "view_material"}}, {"model": "auth.permission", "fields": {"name": "Can add payment", "content_type": ["api", "payment"], "codename": "add_payment"}}, {"model": "auth.permission", "fields": {"name": "Can change payment", "content_type": ["api", "payment"], "codename": "change_payment"}}, {"model": "auth.permission", "fields": {"name": "Can delete payment", "content_type": ["api", "payment"], "codename": "delete_payment"}}, {"model": "auth.permission", "fields": {"name": "Can view payment", "content_type": ["api", "payment"], "codename": "view_payment"}}, {"model": "auth.permission", "fields": {"name": "Can add personnel", "content_type": ["api", "personnel"], "codename": "add_personnel"}}, {"model": "auth.permission", "fields": {"name": "Can change personnel", "content_type": ["api", "personnel"], "codename": "change_personnel"}}, {"model": "auth.permission", "fields": {"name": "Can delete personnel", "content_type": ["api", "personnel"], "codename": "delete_personnel"}}, {"model": "auth.permission", "fields": {"name": "Can view personnel", "content_type": ["api", "personnel"], "codename": "view_personnel"}}, {"model": "auth.permission", "fields": {"name": "Can add booking", "content_type": ["api", "booking"], "codename": "add_booking"}}, {"model": "auth.permission", "fields": {"name": "Can change booking", "content_type": ["api", "booking"], "codename": "change_booking"}}, {"model": "auth.permission", "fields": {"name": "Can delete booking", "content_type": ["api", "booking"], "codename": "delete_booking"}}, {"model": "auth.permission", "fields": {"name": "Can view booking", "content_type": ["api", "booking"], "codename": "view_booking"}}, {"model": "auth.permission", "fields": {"name": "Can add magic login token", "content_type": ["api", "magiclogintoken"], "codename": "add_magiclogintoken"}}, {"model": "auth.permission", "fields": {"name": "Can change magic login token", "content_type": ["api", "magiclogintoken"], "codename": "change_magiclogintoken"}}, {"model": "auth.permission", "fields": {"name": "Can delete magic login token", "content_type": ["api", "magiclogintoken"], "codename": "delete_magiclogintoken"}}, {"model": "auth.permission", "fields": {"name": "Can view magic login token", "content_type": ["api", "magiclogintoken"], "codename": "view_magiclogintoken"}}, {"model": "auth.permission", "fields": {"name": "Can add account security profile", "content_type": ["api", "accountsecurityprofile"], "codename": "add_accountsecurityprofile"}}, {"model": "auth.permission", "fields": {"name": "Can change account security profile", "content_type": ["api", "accountsecurityprofile"], "codename": "change_accountsecurityprofile"}}, {"model": "auth.permission", "fields": {"name": "Can delete account security profile", "content_type": ["api", "accountsecurityprofile"], "codename": "delete_accountsecurityprofile"}}, {"model": "auth.permission", "fields": {"name": "Can view account security profile", "content_type": ["api", "accountsecurityprofile"], "codename": "view_accountsecurityprofile"}}, {"model": "auth.permission", "fields": {"name": "Can add notification", "content_type": ["api", "notification"], "codename": "add_notification"}}, {"model": "auth.permission", "fields": {"name": "Can change notification", "content_type": ["api", "notification"], "codename": "change_notification"}}, {"model": "auth.permission", "fields": {"name": "Can delete notification", "content_type": ["api", "notification"], "codename": "delete_notification"}}, {"model": "auth.permission", "fields": {"name": "Can view notification", "content_type": ["api", "notification"], "codename": "view_notification"}}, {"model": "auth.user", "fields": {"password": "pbkdf2_sha256$1200000$Y5JXiJWSY8F1QOtH2stqeY$75113iha3z+Ge7hYJ4zxvLb9LJQ3Jip9/4+GxWOcXAI=", "last_login": "2026-06-11T14:57:27.065Z", "is_superuser": true, "username": "admin", "first_name": "", "last_name": "", "email": "admin@example.com", "is_staff": true, "is_active": true, "date_joined": "2026-05-04T10:58:23.090Z", "groups": [], "user_permissions": []}}, {"model": "auth.user", "fields": {"password": "pbkdf2_sha256$1200000$ksTeUFJrCMaCD7zMq1mUB2$MyP7lf3Fm3wDSfhJ4gGFKeFyFwTtaqvHjufcy9YoAcU=", "last_login": "2026-05-04T15:15:25.276Z", "is_superuser": true, "username": "tony", "first_name": "", "last_name": "", "email": "tony@gmail.com", "is_staff": true, "is_active": true, "date_joined": "2026-05-04T15:12:22.345Z", "groups": [], "user_permissions": []}}, {"model": "auth.user", "fields": {"password": "pbkdf2_sha256$1200000$UtFumfiIWPtzRN20Ekjol3$63QU8w3kVrch5199dff4CfWTaeZCHyvn7FZBwy6X1I0=", "last_login": null, "is_superuser": false, "username": "76161970", "first_name": "Jean", "last_name": "Dieu", "email": "j@gmailc.om", "is_staff": false, "is_active": true, "date_joined": "2026-05-04T15:20:34.191Z", "groups": [], "user_permissions": []}}, {"model": "auth.user", "fields": {"password": "pbkdf2_sha256$1200000$D6x92u0sJ0yFGewP6nLNY1$qEK6tJqtdPGcpkFdqiWO7X1BqlXqx4ZLBfHjNnmSTDg=", "last_login": null, "is_superuser": false, "username": "8618804072112", "first_name": "Grand Odilon", "last_name": "Bimenyimana", "email": "grand@gmail.com", "is_staff": false, "is_active": true, "date_joined": "2026-05-09T09:33:58.046Z", "groups": [], "user_permissions": []}}, {"model": "auth.user", "fields": {"password": "pbkdf2_sha256$1200000$3zv9pb4TAQqxaXVHb4bUdK$lXKl6/ewQwHKWiocRQV5uXVHQsY9CjLO2sNm2X2qj1M=", "last_login": null, "is_superuser": false, "username": "69355762", "first_name": "Jean De Dieu", "last_name": "Hakizimana", "email": "tonyblaisbg@gmail.com", "is_staff": false, "is_active": true, "date_joined": "2026-05-12T15:43:08.333Z", "groups": [], "user_permissions": []}}, {"model": "auth.user", "fields": {"password": "!JAtSQSWxa912aPRAL20fHHe1A9P1l6nFGbN45Br2", "last_login": null, "is_superuser": false, "username": "76161970-2", "first_name": "Landry", "last_name": "Niyo", "email": "bito@biu.bi", "is_staff": false, "is_active": true, "date_joined": "2026-05-15T18:51:51.305Z", "groups": [], "user_permissions": []}}, {"model": "auth.user", "fields": {"password": "!ZVz9X9daY7IwRjiKWb943Fv1vkFumlqZkJ6BMq3f", "last_login": null, "is_superuser": false, "username": "76161970-3", "first_name": "Belyse", "last_name": "Claudia Bimenyimana", "email": "bito@gmail.com", "is_staff": false, "is_active": true, "date_joined": "2026-05-16T06:45:05.597Z", "groups": [], "user_permissions": []}}, {"model": "auth.user", "fields": {"password": "pbkdf2_sha256$1200000$vLOLhuqWOn56c50SBKaECu$n89/0qYmfhhDbNqGjnmst2IQc6NovC5D5aNmUoL/wwk=", "last_login": null, "is_superuser": false, "username": "76161971", "first_name": "Jean", "last_name": "Bukuru", "email": "bukuru@gmail.com", "is_staff": true, "is_active": true, "date_joined": "2026-06-11T00:12:47.424Z", "groups": [], "user_permissions": []}}, {"model": "auth.user", "fields": {"password": "!7Z8jOV6QIJeTI1WAdPvnuPVTySg8t3yEsQNYtgwZ", "last_login": null, "is_superuser": false, "username": "tonyblaisb@gmail.com", "first_name": "Albert", "last_name": "Mutima", "email": "tonyblaisb@gmail.com", "is_staff": false, "is_active": true, "date_joined": "2026-06-11T00:47:12.151Z", "groups": [], "user_permissions": []}}, {"model": "auth.user", "fields": {"password": "pbkdf2_sha256$1200000$tXaGiqXGQPg9mQ4bRw3Bbw$bWCCbi3rY2KVmXoodgXAKnuQJidpw+RshthNRyq1xVI=", "last_login": null, "is_superuser": false, "username": "Marie", "first_name": "Marie", "last_name": "Dupont", "email": "", "is_staff": true, "is_active": true, "date_joined": "2026-06-12T04:21:41.864Z", "groups": [], "user_permissions": []}}, {"model": "auth.user", "fields": {"password": "pbkdf2_sha256$1200000$zMOJiGUJnKmWNgXpUBdlyh$9FrO3TWJ3yg0gd6PLyb/GI+SS4C0770LgBMynJJI5Pk=", "last_login": null, "is_superuser": false, "username": "Arsene", "first_name": "Arsene", "last_name": "Ndiho", "email": "", "is_staff": true, "is_active": true, "date_joined": "2026-06-12T04:27:56.643Z", "groups": [], "user_permissions": []}}, {"model": "api.hall", "pk": 1, "fields": {"name": "Grande Salle A", "capacity": 500, "price_per_day": "1500000.00", "additional_services": [{"name": "Sonorisation", "price": "40000.00", "has_subservices": false, "subservices": []}, {"name": "Decoration", "price": "0.00", "has_subservices": true, "subservices": [{"name": "Grillande Lampes", "price": "15000.00"}, {"name": "Karaoke", "price": "100000.00"}]}], "created_by": null, "updated_by": ["admin"], "created_at": "2026-06-11T15:25:03.493Z", "updated_at": "2026-06-11T15:25:03.503Z"}}, {"model": "api.hall", "pk": 2, "fields": {"name": "Salle Conférence B", "capacity": 100, "price_per_day": "500000.00", "additional_services": [], "created_by": null, "updated_by": null, "created_at": "2026-06-11T15:25:03.493Z", "updated_at": "2026-06-11T15:25:03.503Z"}}, {"model": "api.hall", "pk": 3, "fields": {"name": "Petit Hall C", "capacity": 50, "price_per_day": "300000.00", "additional_services": [], "created_by": null, "updated_by": null, "created_at": "2026-06-11T15:25:03.493Z", "updated_at": "2026-06-11T15:25:03.503Z"}}, {"model": "api.booking", "pk": 1, "fields": {"hall": 1, "customer_name": "Jean Claude", "customer_email": "cogikyge@mailinator.com", "customer_phone": "", "event_type": "Séminaire", "start_date": "2026-05-12", "end_date": "2026-05-15", "total_price": "6000000.00", "paid_amount": "6000000.00", "addons_total": "0.00", "additional_services_selected": [], "status": "paid", "created_at": "2026-06-11T01:05:10.076Z", "pending_reminder_sent_at": null, "auto_cancelled_at": null, "created_by": null, "updated_by": null, "code": "LBR06260001", "updated_at": "2026-06-11T15:25:03.533Z"}}, {"model": "api.booking", "pk": 2, "fields": {"hall": 1, "customer_name": "Alain Teddy Bimenyimana", "customer_email": "teddy@gmail.com", "customer_phone": "", "event_type": "Mariage", "start_date": "2026-05-30", "end_date": "2026-05-30", "total_price": "1500000.00", "paid_amount": "1000000.00", "addons_total": "0.00", "additional_services_selected": [], "status": "confirmed", "created_at": "2026-06-11T01:05:10.076Z", "pending_reminder_sent_at": null, "auto_cancelled_at": null, "created_by": null, "updated_by": null, "code": "LBR06260002", "updated_at": "2026-06-11T15:25:03.533Z"}}, {"model": "api.booking", "pk": 3, "fields": {"hall": 1, "customer_name": "wer", "customer_email": "wer@gmail.com", "customer_phone": "", "event_type": "Mariage", "start_date": "2026-05-23", "end_date": "2026-05-24", "total_price": "3000000.00", "paid_amount": "3000000.00", "addons_total": "0.00", "additional_services_selected": [], "status": "paid", "created_at": "2026-06-11T01:05:10.076Z", "pending_reminder_sent_at": null, "auto_cancelled_at": null, "created_by": null, "updated_by": null, "code": "LBR06260003", "updated_at": "2026-06-11T15:25:03.533Z"}}, {"model": "api.booking", "pk": 4, "fields": {"hall": 1, "customer_name": "Grand Odilon Bimenyimana", "customer_email": "grand@gmail.com", "customer_phone": "", "event_type": "Mariage", "start_date": "2026-06-27", "end_date": "2026-06-27", "total_price": "1500000.00", "paid_amount": "1500000.00", "addons_total": "0.00", "additional_services_selected": [], "status": "paid", "created_at": "2026-06-11T01:05:10.076Z", "pending_reminder_sent_at": null, "auto_cancelled_at": null, "created_by": ["8618804072112"], "updated_by": null, "code": "LBR06260004", "updated_at": "2026-06-11T15:25:03.533Z"}}, {"model": "api.booking", "pk": 5, "fields": {"hall": 1, "customer_name": "Jean De Dieu Hakizimana", "customer_email": "tonyblaisbg@gmail.com", "customer_phone": "", "event_type": "Mariage", "start_date": "2026-06-06", "end_date": "2026-06-06", "total_price": "1500000.00", "paid_amount": "0.00", "addons_total": "0.00", "additional_services_selected": [], "status": "pending", "created_at": "2026-06-11T01:05:10.076Z", "pending_reminder_sent_at": null, "auto_cancelled_at": null, "created_by": ["69355762"], "updated_by": null, "code": "LBR06260005", "updated_at": "2026-06-11T15:25:03.533Z"}}, {"model": "api.booking", "pk": 6, "fields": {"hall": 1, "customer_name": "Landry Ishimwe", "customer_email": "bito@biu.bi", "customer_phone": "76161970", "event_type": "Mariage", "start_date": "2026-05-31", "end_date": "2026-05-31", "total_price": "1500000.00", "paid_amount": "0.00", "addons_total": "0.00", "additional_services_selected": [], "status": "confirmed", "created_at": "2026-06-11T01:05:10.076Z", "pending_reminder_sent_at": null, "auto_cancelled_at": null, "created_by": null, "updated_by": null, "code": "LBR06260006", "updated_at": "2026-06-11T15:25:03.533Z"}}, {"model": "api.booking", "pk": 7, "fields": {"hall": 1, "customer_name": "Landry Niyo", "customer_email": "bito@biu.bi", "customer_phone": "76161970", "event_type": "Mariage", "start_date": "2026-05-29", "end_date": "2026-05-29", "total_price": "1500000.00", "paid_amount": "500002.00", "addons_total": "0.00", "additional_services_selected": [], "status": "confirmed", "created_at": "2026-06-11T01:05:10.076Z", "pending_reminder_sent_at": null, "auto_cancelled_at": null, "created_by": ["76161970-2"], "updated_by": null, "code": "LBR06260007", "updated_at": "2026-06-11T15:25:03.533Z"}}, {"model": "api.booking", "pk": 8, "fields": {"hall": 3, "customer_name": "Belyse Claudia Bimenyimana", "customer_email": "bito@gmail.com", "customer_phone": "76161970", "event_type": "Anniversaire", "start_date": "2026-07-04", "end_date": "2026-07-04", "total_price": "300000.00", "paid_amount": "0.00", "addons_total": "0.00", "additional_services_selected": [], "status": "cancelled", "created_at": "2026-06-11T01:05:10.076Z", "pending_reminder_sent_at": null, "auto_cancelled_at": null, "created_by": ["76161970-3"], "updated_by": ["admin"], "code": "LBR06260008", "updated_at": "2026-06-11T15:25:03.533Z"}}, {"model": "api.booking", "pk": 9, "fields": {"hall": 3, "customer_name": "Jean Nshimiyimana", "customer_email": "bito@biu.bi", "customer_phone": "76161972", "event_type": "Réunion", "start_date": "2026-07-05", "end_date": "2026-07-05", "total_price": "300000.00", "paid_amount": "0.00", "addons_total": "0.00", "additional_services_selected": [], "status": "confirmed", "created_at": "2026-06-11T01:05:10.076Z", "pending_reminder_sent_at": null, "auto_cancelled_at": null, "created_by": ["76161970-2"], "updated_by": null, "code": "LBR06260009", "updated_at": "2026-06-11T17:44:11.285Z"}}, {"model": "api.booking", "pk": 10, "fields": {"hall": 3, "customer_name": "Albert Mutima", "customer_email": "tonyblaisb@gmail.com", "customer_phone": "", "event_type": "Mariage", "start_date": "2026-06-26", "end_date": "2026-06-30", "total_price": "1500000.00", "paid_amount": "100000.00", "addons_total": "0.00", "additional_services_selected": [], "status": "confirmed", "created_at": "2026-06-11T01:05:10.076Z", "pending_reminder_sent_at": null, "auto_cancelled_at": null, "created_by": ["admin"], "updated_by": ["admin"], "code": "LBR06260010", "updated_at": "2026-06-11T15:25:03.533Z"}}, {"model": "api.booking", "pk": 14, "fields": {"hall": 1, "customer_name": "Chris Iranzi", "customer_email": "tonyblaisb@gmail.com", "customer_phone": "", "event_type": "Mariage", "start_date": "2026-06-13", "end_date": "2026-06-13", "total_price": "1500000.00", "paid_amount": "0.00", "addons_total": "0.00", "additional_services_selected": [], "status": "pending", "created_at": "2026-06-11T02:12:00.655Z", "pending_reminder_sent_at": null, "auto_cancelled_at": null, "created_by": ["admin"], "updated_by": ["admin"], "code": "LBR06260014", "updated_at": "2026-06-11T15:25:03.533Z"}}, {"model": "api.booking", "pk": 15, "fields": {"hall": 1, "customer_name": "Marc Ninziza", "customer_email": "tonyblaisb@gmail.com", "customer_phone": "", "event_type": "Mariage", "start_date": "2026-09-03", "end_date": "2026-09-05", "total_price": "4555000.00", "paid_amount": "4555000.00", "addons_total": "55000.00", "additional_services_selected": [{"name": "Sonorisation"}, {"name": "Decoration", "subservices": [{"name": "Grillande Lampes"}]}], "status": "paid", "created_at": "2026-06-11T08:45:30.534Z", "pending_reminder_sent_at": null, "auto_cancelled_at": null, "created_by": ["admin"], "updated_by": ["admin"], "code": "LBR06260015", "updated_at": "2026-06-11T15:25:03.533Z"}}, {"model": "api.booking", "pk": 16, "fields": {"hall": 2, "customer_name": "Yvan Niyo", "customer_email": "", "customer_phone": "", "event_type": "Mariage", "start_date": "2026-06-11", "end_date": "2026-06-11", "total_price": "500000.00", "paid_amount": "500000.00", "addons_total": "0.00", "additional_services_selected": [], "status": "paid", "created_at": "2026-06-11T14:52:21.354Z", "pending_reminder_sent_at": null, "auto_cancelled_at": null, "created_by": null, "updated_by": null, "code": "LBR06260013", "updated_at": "2026-06-11T15:25:03.533Z"}}, {"model": "api.booking", "pk": 17, "fields": {"hall": 2, "customer_name": "Jean Don", "customer_email": "", "customer_phone": "", "event_type": "Mariage", "start_date": "2026-06-20", "end_date": "2026-06-20", "total_price": "500000.00", "paid_amount": "0.00", "addons_total": "0.00", "additional_services_selected": [], "status": "pending", "created_at": "2026-06-11T17:38:17.339Z", "pending_reminder_sent_at": null, "auto_cancelled_at": null, "created_by": null, "updated_by": null, "code": "LBR06260016", "updated_at": "2026-06-11T17:38:17.340Z"}}, {"model": "api.booking", "pk": 18, "fields": {"hall": 2, "customer_name": "Joe Doe", "customer_email": "", "customer_phone": "", "event_type": "Mariage", "start_date": "2026-06-21", "end_date": "2026-06-21", "total_price": "500000.00", "paid_amount": "0.00", "addons_total": "0.00", "additional_services_selected": [], "status": "pending", "created_at": "2026-06-11T17:39:12.775Z", "pending_reminder_sent_at": null, "auto_cancelled_at": null, "created_by": null, "updated_by": null, "code": "LBR06260017", "updated_at": "2026-06-11T17:39:12.776Z"}}, {"model": "api.booking", "pk": 19, "fields": {"hall": 2, "customer_name": "Chris AU", "customer_email": "", "customer_phone": "", "event_type": "Mariage", "start_date": "2026-06-30", "end_date": "2026-06-30", "total_price": "500000.00", "paid_amount": "0.00", "addons_total": "0.00", "additional_services_selected": [], "status": "pending", "created_at": "2026-06-11T17:41:17.172Z", "pending_reminder_sent_at": null, "auto_cancelled_at": null, "created_by": null, "updated_by": null, "code": "LBR06260018", "updated_at": "2026-06-11T17:41:17.173Z"}}, {"model": "api.personnel", "pk": 1, "fields": {"user": null, "name": "Guillain Bimenyimana", "role": "Technicien AV", "email": "", "phone": "+257 76252252", "status": "available", "created_by": null, "updated_by": null, "created_at": "2026-06-11T15:25:03.560Z", "updated_at": "2026-06-11T15:25:03.569Z"}}, {"model": "api.personnel", "pk": 2, "fields": {"user": null, "name": "Marc", "role": "Réceptionniste", "email": "", "phone": "258525888", "status": "off_duty", "created_by": null, "updated_by": null, "created_at": "2026-06-11T15:25:03.560Z", "updated_at": "2026-06-11T15:25:03.569Z"}}, {"model": "api.personnel", "pk": 3, "fields": {"user": null, "name": "Emery", "role": "Serveur", "email": "", "phone": "85211", "status": "on_duty", "created_by": null, "updated_by": null, "created_at": "2026-06-11T15:25:03.560Z", "updated_at": "2026-06-11T15:25:03.569Z"}}, {"model": "api.personnel", "pk": 4, "fields": {"user": ["76161971"], "name": "Jean Bukuru", "role": "Réceptionniste", "email": "bukuru@gmail.com", "phone": "76161971", "status": "available", "created_by": null, "updated_by": null, "created_at": "2026-06-11T15:25:03.560Z", "updated_at": "2026-06-11T15:25:03.569Z"}}, {"model": "api.personnel", "pk": 6, "fields": {"user": ["Marie"], "name": "Marie Dupont", "role": "Gerant", "email": "", "phone": "", "status": "available", "created_by": ["admin"], "updated_by": ["admin"], "created_at": "2026-06-12T04:21:42.064Z", "updated_at": "2026-06-12T04:21:42.064Z"}}, {"model": "api.personnel", "pk": 7, "fields": {"user": ["Arsene"], "name": "Arsene Ndiho", "role": "Réceptionniste", "email": "", "phone": "", "status": "available", "created_by": ["admin"], "updated_by": ["admin"], "created_at": "2026-06-12T04:27:56.834Z", "updated_at": "2026-06-12T04:27:56.834Z"}}, {"model": "api.accountsecurityprofile", "pk": 1, "fields": {"user": ["admin"], "must_change_password": false, "created_at": "2026-06-11T00:08:32.570Z", "updated_at": "2026-06-11T00:08:32.570Z"}}, {"model": "api.accountsecurityprofile", "pk": 2, "fields": {"user": ["76161971"], "must_change_password": false, "created_at": "2026-06-11T00:12:47.580Z", "updated_at": "2026-06-11T00:12:47.580Z"}}, {"model": "api.accountsecurityprofile", "pk": 4, "fields": {"user": ["Marie"], "must_change_password": false, "created_at": "2026-06-12T04:21:42.058Z", "updated_at": "2026-06-12T04:21:42.058Z"}}, {"model": "api.accountsecurityprofile", "pk": 5, "fields": {"user": ["Arsene"], "must_change_password": false, "created_at": "2026-06-12T04:27:56.830Z", "updated_at": "2026-06-12T04:27:56.830Z"}}, {"model": "api.material", "pk": 1, "fields": {"name": "Chaises", "category": "Mobilier", "total_quantity": 20, "damaged_quantity": 0, "lost_quantity": 0, "available_quantity": 20, "minimum_quantity": 5, "status": "good", "created_by": null, "updated_by": null, "created_at": "2026-06-11T15:25:03.599Z", "updated_at": "2026-06-11T15:25:03.609Z"}}, {"model": "api.material", "pk": 2, "fields": {"name": "Tables", "category": "Mobilier", "total_quantity": 50, "damaged_quantity": 0, "lost_quantity": 0, "available_quantity": 50, "minimum_quantity": 5, "status": "lost", "created_by": null, "updated_by": null, "created_at": "2026-06-11T15:25:03.599Z", "updated_at": "2026-06-11T15:25:03.609Z"}}, {"model": "api.material", "pk": 3, "fields": {"name": "Tissus", "category": "Décoration", "total_quantity": 20, "damaged_quantity": 7, "lost_quantity": 10, "available_quantity": 3, "minimum_quantity": 5, "status": "damaged", "created_by": null, "updated_by": null, "created_at": "2026-06-11T15:25:03.599Z", "updated_at": "2026-06-11T18:11:25.211Z"}}, {"model": "api.material", "pk": 4, "fields": {"name": "Microphones", "category": "Audiovisuel", "total_quantity": 10, "damaged_quantity": 1, "lost_quantity": 2, "available_quantity": 7, "minimum_quantity": 5, "status": "damaged", "created_by": null, "updated_by": null, "created_at": "2026-06-11T15:25:03.599Z", "updated_at": "2026-06-11T15:25:03.609Z"}}, {"model": "api.expense", "pk": 1, "fields": {"date": "2026-05-04", "description": "Reparation CLimatisaire", "category": "Maintenance", "amount": "250000.00", "paid_by": "Admin", "paid_to": "SODEKI", "status": "paid", "created_by": null, "updated_by": null, "created_at": "2026-06-11T15:25:03.636Z", "updated_at": "2026-06-11T15:25:03.644Z"}}, {"model": "api.expense", "pk": 2, "fields": {"date": "2026-05-12", "description": "reparation des chaises", "category": "Maintenance", "amount": "120000.00", "paid_by": "Admin", "paid_to": "Bo", "status": "paid", "created_by": null, "updated_by": null, "created_at": "2026-06-11T15:25:03.636Z", "updated_at": "2026-06-11T15:25:03.644Z"}}, {"model": "api.expense", "pk": 3, "fields": {"date": "2026-05-16", "description": "Kugura ibitammbara", "category": "Équipement", "amount": "1500000.00", "paid_by": "Admin", "paid_to": "Teddy", "status": "paid", "created_by": null, "updated_by": null, "created_at": "2026-06-11T15:25:03.636Z", "updated_at": "2026-06-11T15:25:03.644Z"}}, {"model": "api.payment", "pk": 1, "fields": {"booking": 1, "date": "2026-05-04", "reference": "PAY-4868", "amount": "5000000.00", "method": "Espèces", "kind": "advance", "status": "paid", "created_by": null, "updated_by": null, "code": "LBP05260001", "created_at": "2026-06-11T14:48:00.171Z", "updated_at": "2026-06-11T15:25:03.676Z"}}, {"model": "api.payment", "pk": 2, "fields": {"booking": 1, "date": "2026-05-09", "reference": "PAY-2919", "amount": "1000000.00", "method": "Virement", "kind": "full", "status": "paid", "created_by": null, "updated_by": null, "code": "LBP05260002", "created_at": "2026-06-11T14:48:00.171Z", "updated_at": "2026-06-11T15:25:03.676Z"}}, {"model": "api.payment", "pk": 3, "fields": {"booking": 4, "date": "2026-05-09", "reference": "PAY-3666", "amount": "1500000.00", "method": "Virement", "kind": "full", "status": "paid", "created_by": null, "updated_by": null, "code": "LBP05260003", "created_at": "2026-06-11T14:48:00.171Z", "updated_at": "2026-06-11T15:25:03.676Z"}}, {"model": "api.payment", "pk": 4, "fields": {"booking": 2, "date": "2026-05-12", "reference": "PAY-1496", "amount": "1000000.00", "method": "Virement", "kind": "advance", "status": "paid", "created_by": null, "updated_by": null, "code": "LBP05260004", "created_at": "2026-06-11T14:48:00.171Z", "updated_at": "2026-06-11T15:25:03.676Z"}}, {"model": "api.payment", "pk": 5, "fields": {"booking": 3, "date": "2026-05-16", "reference": "PAY-1193", "amount": "1000000.00", "method": "Espèces", "kind": "advance", "status": "paid", "created_by": null, "updated_by": null, "code": "LBP05260005", "created_at": "2026-06-11T14:48:00.171Z", "updated_at": "2026-06-11T15:25:03.676Z"}}, {"model": "api.payment", "pk": 6, "fields": {"booking": 3, "date": "2026-05-16", "reference": "PAY-2833", "amount": "2000000.00", "method": "Virement", "kind": "full", "status": "paid", "created_by": null, "updated_by": null, "code": "LBP05260006", "created_at": "2026-06-11T14:48:00.171Z", "updated_at": "2026-06-11T15:25:03.676Z"}}, {"model": "api.payment", "pk": 7, "fields": {"booking": 16, "date": "2026-06-11", "reference": "PAY-1599", "amount": "500000.00", "method": "Virement", "kind": "full", "status": "paid", "created_by": null, "updated_by": null, "code": "LBP06260007", "created_at": "2026-06-11T14:56:25.667Z", "updated_at": "2026-06-11T15:25:03.676Z"}}, {"model": "api.payment", "pk": 8, "fields": {"booking": 15, "date": "2026-06-11", "reference": "PAY-1413", "amount": "900000.00", "method": "Virement", "kind": "advance", "status": "paid", "created_by": null, "updated_by": null, "code": "LBP06260008", "created_at": "2026-06-11T15:02:12.315Z", "updated_at": "2026-06-11T15:25:03.676Z"}}, {"model": "api.payment", "pk": 9, "fields": {"booking": 15, "date": "2026-06-11", "reference": "PAY-7071", "amount": "3655000.00", "method": "Virement", "kind": "full", "status": "paid", "created_by": null, "updated_by": null, "code": "LBP06260009", "created_at": "2026-06-11T15:27:04.762Z", "updated_at": "2026-06-11T15:27:04.764Z"}}, {"model": "api.payment", "pk": 10, "fields": {"booking": 7, "date": "2026-06-11", "reference": "PAY-5344", "amount": "2.00", "method": "Virement", "kind": "advance", "status": "paid", "created_by": null, "updated_by": null, "code": "LBP06260010", "created_at": "2026-06-11T17:29:54.718Z", "updated_at": "2026-06-11T17:29:54.719Z"}}, {"model": "api.payment", "pk": 11, "fields": {"booking": 7, "date": "2026-06-11", "reference": "PAY-5344", "amount": "200000.00", "method": "Virement", "kind": "advance", "status": "paid", "created_by": null, "updated_by": null, "code": "LBP06260011", "created_at": "2026-06-11T17:30:19.191Z", "updated_at": "2026-06-11T17:30:19.193Z"}}, {"model": "api.payment", "pk": 12, "fields": {"booking": 10, "date": "2026-06-11", "reference": "PAY-9729", "amount": "100000.00", "method": "Virement", "kind": "advance", "status": "paid", "created_by": null, "updated_by": null, "code": "LBP06260012", "created_at": "2026-06-11T17:57:52.669Z", "updated_at": "2026-06-11T17:57:52.670Z"}}, {"model": "api.payment", "pk": 13, "fields": {"booking": 7, "date": "2026-06-12", "reference": "PAY-3092", "amount": "300000.00", "method": "Espèces", "kind": "advance", "status": "paid", "created_by": ["admin"], "updated_by": ["admin"], "code": "LBP06260013", "created_at": "2026-06-12T14:09:55.091Z", "updated_at": "2026-06-12T14:09:55.092Z"}}, {"model": "api.notification", "pk": 1, "fields": {"user": ["admin"], "title": "Payment Received", "message": "Payment received for reservation LBR06260007.", "type": "success", "category": "payment_received", "is_read": true, "read_at": "2026-06-11T17:30:51.605Z", "event_key": "payment-received-11", "booking": 7, "payment": 11, "material": null, "created_at": "2026-06-11T17:30:19.202Z", "updated_at": "2026-06-11T17:30:51.605Z"}}, {"model": "api.notification", "pk": 2, "fields": {"user": ["tony"], "title": "Payment Received", "message": "Payment received for reservation LBR06260007.", "type": "success", "category": "payment_received", "is_read": false, "read_at": null, "event_key": "payment-received-11", "booking": 7, "payment": 11, "material": null, "created_at": "2026-06-11T17:30:19.205Z", "updated_at": "2026-06-11T17:30:19.205Z"}}, {"model": "api.notification", "pk": 3, "fields": {"user": ["76161971"], "title": "Payment Received", "message": "Payment received for reservation LBR06260007.", "type": "success", "category": "payment_received", "is_read": false, "read_at": null, "event_key": "payment-received-11", "booking": 7, "payment": 11, "material": null, "created_at": "2026-06-11T17:30:19.207Z", "updated_at": "2026-06-11T17:30:19.207Z"}}, {"model": "api.notification", "pk": 5, "fields": {"user": ["admin"], "title": "Paiement en retard", "message": "Paiement en retard pour la reservation LBR06260002.", "type": "danger", "category": "payment_overdue", "is_read": true, "read_at": "2026-06-11T17:33:13.923Z", "event_key": "payment-overdue-booking-2", "booking": 2, "payment": null, "material": null, "created_at": "2026-06-11T17:30:19.216Z", "updated_at": "2026-06-11T17:32:16.512Z"}}, {"model": "api.notification", "pk": 6, "fields": {"user": ["tony"], "title": "Paiement en retard", "message": "Paiement en retard pour la reservation LBR06260002.", "type": "danger", "category": "payment_overdue", "is_read": false, "read_at": null, "event_key": "payment-overdue-booking-2", "booking": 2, "payment": null, "material": null, "created_at": "2026-06-11T17:30:19.218Z", "updated_at": "2026-06-11T17:32:16.514Z"}}, {"model": "api.notification", "pk": 7, "fields": {"user": ["76161971"], "title": "Paiement en retard", "message": "Paiement en retard pour la reservation LBR06260002.", "type": "danger", "category": "payment_overdue", "is_read": false, "read_at": null, "event_key": "payment-overdue-booking-2", "booking": 2, "payment": null, "material": null, "created_at": "2026-06-11T17:30:19.222Z", "updated_at": "2026-06-11T17:32:16.516Z"}}, {"model": "api.notification", "pk": 9, "fields": {"user": ["admin"], "title": "Paiement en retard", "message": "Paiement en retard pour la reservation LBR06260005.", "type": "danger", "category": "payment_overdue", "is_read": true, "read_at": "2026-06-11T17:33:13.923Z", "event_key": "payment-overdue-booking-5", "booking": 5, "payment": null, "material": null, "created_at": "2026-06-11T17:30:19.231Z", "updated_at": "2026-06-11T17:32:16.523Z"}}, {"model": "api.notification", "pk": 10, "fields": {"user": ["tony"], "title": "Paiement en retard", "message": "Paiement en retard pour la reservation LBR06260005.", "type": "danger", "category": "payment_overdue", "is_read": false, "read_at": null, "event_key": "payment-overdue-booking-5", "booking": 5, "payment": null, "material": null, "created_at": "2026-06-11T17:30:19.233Z", "updated_at": "2026-06-11T17:32:16.524Z"}}, {"model": "api.notification", "pk": 11, "fields": {"user": ["76161971"], "title": "Paiement en retard", "message": "Paiement en retard pour la reservation LBR06260005.", "type": "danger", "category": "payment_overdue", "is_read": false, "read_at": null, "event_key": "payment-overdue-booking-5", "booking": 5, "payment": null, "material": null, "created_at": "2026-06-11T17:30:19.235Z", "updated_at": "2026-06-11T17:32:16.526Z"}}, {"model": "api.notification", "pk": 13, "fields": {"user": ["admin"], "title": "Paiement en retard", "message": "Paiement en retard pour la reservation LBR06260006.", "type": "danger", "category": "payment_overdue", "is_read": true, "read_at": "2026-06-11T17:33:13.923Z", "event_key": "payment-overdue-booking-6", "booking": 6, "payment": null, "material": null, "created_at": "2026-06-11T17:30:19.241Z", "updated_at": "2026-06-11T17:32:16.534Z"}}, {"model": "api.notification", "pk": 14, "fields": {"user": ["tony"], "title": "Paiement en retard", "message": "Paiement en retard pour la reservation LBR06260006.", "type": "danger", "category": "payment_overdue", "is_read": false, "read_at": null, "event_key": "payment-overdue-booking-6", "booking": 6, "payment": null, "material": null, "created_at": "2026-06-11T17:30:19.243Z", "updated_at": "2026-06-11T17:32:16.536Z"}}, {"model": "api.notification", "pk": 15, "fields": {"user": ["76161971"], "title": "Paiement en retard", "message": "Paiement en retard pour la reservation LBR06260006.", "type": "danger", "category": "payment_overdue", "is_read": false, "read_at": null, "event_key": "payment-overdue-booking-6", "booking": 6, "payment": null, "material": null, "created_at": "2026-06-11T17:30:19.245Z", "updated_at": "2026-06-11T17:32:16.539Z"}}, {"model": "api.notification", "pk": 17, "fields": {"user": ["admin"], "title": "Paiement en retard", "message": "Paiement en retard pour la reservation LBR06260007.", "type": "danger", "category": "payment_overdue", "is_read": true, "read_at": "2026-06-11T17:33:13.923Z", "event_key": "payment-overdue-booking-7", "booking": 7, "payment": null, "material": null, "created_at": "2026-06-11T17:30:19.250Z", "updated_at": "2026-06-11T17:32:16.545Z"}}, {"model": "api.notification", "pk": 18, "fields": {"user": ["tony"], "title": "Paiement en retard", "message": "Paiement en retard pour la reservation LBR06260007.", "type": "danger", "category": "payment_overdue", "is_read": false, "read_at": null, "event_key": "payment-overdue-booking-7", "booking": 7, "payment": null, "material": null, "created_at": "2026-06-11T17:30:19.252Z", "updated_at": "2026-06-11T17:32:16.547Z"}}, {"model": "api.notification", "pk": 19, "fields": {"user": ["76161971"], "title": "Paiement en retard", "message": "Paiement en retard pour la reservation LBR06260007.", "type": "danger", "category": "payment_overdue", "is_read": false, "read_at": null, "event_key": "payment-overdue-booking-7", "booking": 7, "payment": null, "material": null, "created_at": "2026-06-11T17:30:19.254Z", "updated_at": "2026-06-11T17:32:16.548Z"}}, {"model": "api.notification", "pk": 21, "fields": {"user": ["admin"], "title": "Paiement recu", "message": "Paiement recu pour la reservation LBR06260010.", "type": "success", "category": "payment_received", "is_read": false, "read_at": null, "event_key": "payment-received-12", "booking": 10, "payment": 12, "material": null, "created_at": "2026-06-11T17:57:52.679Z", "updated_at": "2026-06-11T17:57:52.679Z"}}, {"model": "api.notification", "pk": 22, "fields": {"user": ["tony"], "title": "Paiement recu", "message": "Paiement recu pour la reservation LBR06260010.", "type": "success", "category": "payment_received", "is_read": false, "read_at": null, "event_key": "payment-received-12", "booking": 10, "payment": 12, "material": null, "created_at": "2026-06-11T17:57:52.682Z", "updated_at": "2026-06-11T17:57:52.682Z"}}, {"model": "api.notification", "pk": 23, "fields": {"user": ["76161971"], "title": "Paiement recu", "message": "Paiement recu pour la reservation LBR06260010.", "type": "success", "category": "payment_received", "is_read": false, "read_at": null, "event_key": "payment-received-12", "booking": 10, "payment": 12, "material": null, "created_at": "2026-06-11T17:57:52.683Z", "updated_at": "2026-06-11T17:57:52.683Z"}}, {"model": "api.notification", "pk": 25, "fields": {"user": ["admin"], "title": "Alerte stock faible", "message": "Alerte stock faible : il reste 3 pour Tissus.", "type": "warning", "category": "low_inventory", "is_read": true, "read_at": "2026-06-11T18:11:47.971Z", "event_key": null, "booking": null, "payment": null, "material": 3, "created_at": "2026-06-11T18:11:25.219Z", "updated_at": "2026-06-11T18:11:47.971Z"}}, {"model": "api.notification", "pk": 26, "fields": {"user": ["tony"], "title": "Alerte stock faible", "message": "Alerte stock faible : il reste 3 pour Tissus.", "type": "warning", "category": "low_inventory", "is_read": false, "read_at": null, "event_key": null, "booking": null, "payment": null, "material": 3, "created_at": "2026-06-11T18:11:25.220Z", "updated_at": "2026-06-11T18:11:25.220Z"}}, {"model": "api.notification", "pk": 28, "fields": {"user": ["Marie"], "title": "Paiement en retard", "message": "Paiement en retard pour la reservation LBR06260002.", "type": "danger", "category": "payment_overdue", "is_read": false, "read_at": null, "event_key": "payment-overdue-booking-2", "booking": 2, "payment": null, "material": null, "created_at": "2026-06-12T04:24:34.670Z", "updated_at": "2026-06-12T04:24:34.670Z"}}, {"model": "api.notification", "pk": 29, "fields": {"user": ["Marie"], "title": "Paiement en retard", "message": "Paiement en retard pour la reservation LBR06260005.", "type": "danger", "category": "payment_overdue", "is_read": false, "read_at": null, "event_key": "payment-overdue-booking-5", "booking": 5, "payment": null, "material": null, "created_at": "2026-06-12T04:24:34.699Z", "updated_at": "2026-06-12T04:24:34.699Z"}}, {"model": "api.notification", "pk": 30, "fields": {"user": ["Marie"], "title": "Paiement en retard", "message": "Paiement en retard pour la reservation LBR06260006.", "type": "danger", "category": "payment_overdue", "is_read": false, "read_at": null, "event_key": "payment-overdue-booking-6", "booking": 6, "payment": null, "material": null, "created_at": "2026-06-12T04:24:34.705Z", "updated_at": "2026-06-12T04:24:34.705Z"}}, {"model": "api.notification", "pk": 31, "fields": {"user": ["Marie"], "title": "Paiement en retard", "message": "Paiement en retard pour la reservation LBR06260007.", "type": "danger", "category": "payment_overdue", "is_read": false, "read_at": null, "event_key": "payment-overdue-booking-7", "booking": 7, "payment": null, "material": null, "created_at": "2026-06-12T04:24:34.718Z", "updated_at": "2026-06-12T04:24:34.718Z"}}, {"model": "api.notification", "pk": 32, "fields": {"user": ["admin"], "title": "Paiement recu", "message": "Paiement recu pour la reservation LBR06260007.", "type": "success", "category": "payment_received", "is_read": false, "read_at": null, "event_key": "payment-received-13", "booking": 7, "payment": 13, "material": null, "created_at": "2026-06-12T14:09:55.103Z", "updated_at": "2026-06-12T14:09:55.103Z"}}, {"model": "api.notification", "pk": 33, "fields": {"user": ["tony"], "title": "Paiement recu", "message": "Paiement recu pour la reservation LBR06260007.", "type": "success", "category": "payment_received", "is_read": false, "read_at": null, "event_key": "payment-received-13", "booking": 7, "payment": 13, "material": null, "created_at": "2026-06-12T14:09:55.107Z", "updated_at": "2026-06-12T14:09:55.107Z"}}, {"model": "api.notification", "pk": 34, "fields": {"user": ["Marie"], "title": "Paiement recu", "message": "Paiement recu pour la reservation LBR06260007.", "type": "success", "category": "payment_received", "is_read": false, "read_at": null, "event_key": "payment-received-13", "booking": 7, "payment": 13, "material": null, "created_at": "2026-06-12T14:09:55.108Z", "updated_at": "2026-06-12T14:09:55.108Z"}}, {"model": "api.magiclogintoken", "pk": 2, "fields": {"user": ["76161970-2"], "token_hash": "b88713ff87b7e240d22c5e51ecccd15298537bd4a0bfad6ed859fc4724913a40", "created_at": "2026-05-15T18:51:51.307Z", "expires_at": "2026-05-15T19:06:51.307Z", "used_at": "2026-05-15T18:52:30.004Z"}}, {"model": "api.magiclogintoken", "pk": 3, "fields": {"user": ["76161970-2"], "token_hash": "f86bb4836b1d28e55ea58f918b0869da961a3f8842ad30f1680c358a289b2aee", "created_at": "2026-05-15T19:34:20.288Z", "expires_at": "2026-05-15T19:49:20.287Z", "used_at": "2026-05-15T19:34:43.180Z"}}, {"model": "api.magiclogintoken", "pk": 4, "fields": {"user": ["76161970-3"], "token_hash": "0b8652a53d054fdc5aee3a82f338ee1c8f2a005c286d2dfcb59a7ca64452953b", "created_at": "2026-05-16T06:45:05.607Z", "expires_at": "2026-05-16T07:00:05.606Z", "used_at": null}}, {"model": "api.magiclogintoken", "pk": 5, "fields": {"user": ["76161970-2"], "token_hash": "02353863d64b552a18aa582478732f9a68b7ece98ecb94ba2b2cdcc2de6b24b3", "created_at": "2026-05-16T06:47:44.919Z", "expires_at": "2026-05-16T07:02:44.919Z", "used_at": "2026-05-16T06:48:40.077Z"}}, {"model": "api.magiclogintoken", "pk": 6, "fields": {"user": ["76161970-2"], "token_hash": "c6708477074f693079429110c563da1fa07b82a61a3de4e81d08d8cc34f25561", "created_at": "2026-05-16T06:50:28.890Z", "expires_at": "2026-05-16T07:05:28.890Z", "used_at": "2026-05-16T06:50:49.541Z"}}, {"model": "api.magiclogintoken", "pk": 7, "fields": {"user": ["tonyblaisb@gmail.com"], "token_hash": "8759b3f9fa7d6b404d1b339d2bc759fb229c788cce8fd8f6f5818644531cec14", "created_at": "2026-06-11T00:47:12.155Z", "expires_at": "2026-06-11T01:02:12.153Z", "used_at": null}}, {"model": "api.magiclogintoken", "pk": 8, "fields": {"user": ["tonyblaisb@gmail.com"], "token_hash": "74c6f0f35ac13faa32243f4b05721bedd200575be38bd81986ef4440c91ad942", "created_at": "2026-06-11T01:14:22.077Z", "expires_at": "2026-06-11T01:29:22.076Z", "used_at": null}}, {"model": "api.magiclogintoken", "pk": 9, "fields": {"user": ["tonyblaisb@gmail.com"], "token_hash": "c390218dee8911ee26c27df243da802e754c4965550212044225fc363e1b026d", "created_at": "2026-06-11T01:16:24.907Z", "expires_at": "2026-06-11T01:31:24.907Z", "used_at": null}}, {"model": "api.magiclogintoken", "pk": 10, "fields": {"user": ["tonyblaisb@gmail.com"], "token_hash": "339832407125eba0d0445aec8d0b1646fad0385a3f6c76c5abbb095e3aeb2287", "created_at": "2026-06-11T01:43:41.921Z", "expires_at": "2026-06-11T01:58:41.920Z", "used_at": null}}, {"model": "api.magiclogintoken", "pk": 11, "fields": {"user": ["tonyblaisb@gmail.com"], "token_hash": "9f75f6151231ad300f0f9c899607f72ead2e3a518c017cbd759a8894ca821cf6", "created_at": "2026-06-11T02:12:00.659Z", "expires_at": "2026-06-11T02:27:00.659Z", "used_at": null}}, {"model": "api.magiclogintoken", "pk": 12, "fields": {"user": ["tonyblaisb@gmail.com"], "token_hash": "fa94f5ef60455667113ad6f747ba42e27a2a67faeb43edd453240b9680e15b0e", "created_at": "2026-06-11T08:45:30.538Z", "expires_at": "2026-06-11T09:00:30.538Z", "used_at": null}}, {"model": "admin.logentry", "pk": 1, "fields": {"action_time": "2026-05-15T18:51:23.808Z", "user": ["admin"], "content_type": ["auth", "user"], "object_id": "6", "object_repr": "76161970-2", "action_flag": 3, "change_message": ""}}]
